PersonId,Title,FirstName,MiddleName,LastName,Suffix,ContactType,TotalPurchaseYTD
291,Mr.,Gustavo,NULL,Achong,NULL,Owner,-13909.13
293,Ms.,Catherine,R.,Abel,NULL,Owner,-3943.75
295,Ms.,Kim,NULL,Abercrombie,NULL,Owner,-7948.60
297,Sr.,Humberto,NULL,Acevedo,NULL,Owner,-20021.05
299,Sra.,Pilar,NULL,Ackerman,NULL,Owner,-5158.22
301,Ms.,Frances,B.,Adams,NULL,Owner,-14477.24
303,Ms.,Margaret,J.,Smith,NULL,Owner,-2421.02
305,Ms.,Carla,J.,Adams,NULL,Owner,-22476.23
315,Mr.,Robert,E.,Ahlering,NULL,Owner,-5255.01
317,Mr.,François,NULL,Ferrier,NULL,Owner,-48861.59
319,Ms.,Kim,NULL,Akers,NULL,Owner,-5277.05
321,Ms.,Lili,J.,Alameda,NULL,Owner,0.00
323,Ms.,Amy,E.,Alberts,NULL,Owner,-3698.45
325,Ms.,Anna,A.,Albright,NULL,Owner,-2658.13
331,Mr.,Gregory,F.,Alderson,NULL,Owner,-4520.06
333,Mr.,J. Phillip,L.,Alexander,NULL,Owner,-20478.69
335,Ms.,Michelle,NULL,Alexander,NULL,Owner,-298.06
341,Mr.,Marvin,N.,Allen,NULL,Owner,-8171.79
343,Mr.,Michael,NULL,Allen,NULL,Owner,-15764.81
349,Ms.,Sandra,J.,Altamirano,NULL,Owner,-4354.05
351,Ms.,Selena,R.,Alvarado,NULL,Owner,-8785.45
369,Mr.,Thomas,B.,Armstrong,Jr.,Owner,-4108.90
371,Mr.,John,NULL,Arthur,NULL,Owner,-7693.82
381,Mr.,Stephen,M.,Ayers,NULL,Owner,-9256.67
383,Mr.,Phillip,M.,Bacalzo,NULL,Owner,-1556.16
385,Mr.,Daniel,NULL,Blanco,NULL,Owner,-3615.53
393,Ms.,Jennifer,B.,Bales,NULL,Owner,-3179.72
395,Mr.,Alberto,F.,Baltazar,NULL,Owner,0.00
397,Mr.,Wayne,N.,Banack,NULL,Owner,-8975.02
405,Mr.,Robert,L.,Barker,NULL,Owner,-915.03
407,Ms.,Rebecca,R.,Barley,NULL,Owner,-2007.09
415,Ms.,Norma,N.,Barrera,NULL,Owner,0.00
417,NULL,Gytis,M,Barzdukas,NULL,Owner,-3960.61
429,Mr.,John,A.,Beaver,NULL,Owner,-131.20
431,Mr.,Christopher,R.,Beck,Jr.,Owner,-18088.89
433,Mr.,Bradley,NULL,Beck,NULL,Owner,0.00
435,Mr.,Benjamin,J.,Becker,NULL,Owner,-3645.82
437,Ms.,Ann,NULL,Beebe,NULL,Owner,-1000.11
439,Mr.,Shane,J.,Belli,NULL,Owner,-20839.37
441,Mr.,Stanley,A.,Alan,Jr.,Owner,-11853.92
443,Mr.,Mason,NULL,Bendixen,NULL,Owner,-2165.00
445,Mr.,John,M.,Bennetts,NULL,Owner,-729.44
489,Ms.,Jackie,E.,Blackwell,NULL,Owner,-218.85
491,Mr.,Donald,L.,Blanton,NULL,Owner,-2816.31
493,Ms.,Linda,E.,Burnett,NULL,Owner,-9128.74
507,Ms.,Stephanie,NULL,Bourne,NULL,Owner,-738.09
509,Mr.,Eli,NULL,Bowen,NULL,Owner,-1764.02
515,Mr.,Cornelius,L.,Brandon,NULL,Owner,-1611.74
517,Mr.,Richard,NULL,Bready,NULL,Owner,-32607.14
519,Ms.,Sara,N.,Breer,NULL,Owner,-5744.66
2008,Ms.,Silvia,M.,Walker,NULL,Owner,0.00
2007,Ms.,Deb,NULL,Waldal,NULL,Owner,0.00
545,Ms.,Mary,K.,Browning,NULL,Owner,-2768.92
547,Mr.,Dave,P.,Browning,NULL,Owner,-2855.22
549,Ms.,Bridget,E.,Browqett,NULL,Owner,-3438.62
565,Sra.,Janaina Barreiro Gambaro,NULL,Bueno,NULL,Owner,-2324.55
567,Mr.,Edward,T.,Buensalido,NULL,Owner,-2761.32
569,Ms.,Megan,E.,Burke,NULL,Owner,-19859.29
597,Ms.,Barbara,J.,Calone,NULL,Owner,-30764.76
599,Ms.,Lindsey,R.,Camacho,NULL,Owner,-9999.21
601,Sr.,Gustavo,NULL,Camargo,NULL,Owner,-7333.53
2014,Mr.,Tony,NULL,Wang,NULL,Owner,0.00
2011,Mr.,Bryan,NULL,Walton,NULL,Owner,0.00
645,Mr.,Matthew,NULL,Carroll,NULL,Owner,0.00
647,Mr.,Joseph,N.,Castellucio,NULL,Owner,-17110.61
649,Ms.,Pamela,A.,Carlson,NULL,Owner,-3435.63
663,Mr.,Baris,NULL,Cetinok,NULL,Owner,-2930.83
665,Mr.,Sean,NULL,Chai,NULL,Owner,-479.90
667,Mr.,Pat,A.,Chambers,NULL,Owner,-15720.94
669,Mr.,Forrest,J.,Chandler,NULL,Owner,-1803.23
671,Mr.,Lee,J.,Chapla,NULL,Owner,-8958.12
673,Mr.,Greg,NULL,Chapman,NULL,Owner,0.00
2032,Ms.,Ann,B.,Wilson,NULL,Owner,0.00
2033,Mr.,Sam,L.,Wheeler,NULL,Owner,0.00
2035,Ms.,Vivian,M.,Whipple,NULL,Owner,0.00
811,Mr.,Rudolph,J.,Dillon,Sr.,Owner,-11516.97
813,Mr.,Andrew,NULL,Dixon,NULL,Owner,-44002.30
815,Mr.,Blaine,NULL,Dockter,NULL,Owner,-28362.46
817,Ms.,Cindy,M.,Dodd,NULL,Owner,-14131.05
819,Mr.,John,T.,Donovan,Jr.,Owner,-14892.84
927,Ms.,Kathleen,M.,Garza,NULL,Owner,-17024.19
929,Mr.,Dominic,P.,Gash,NULL,Owner,-1210.67
931,Ms.,Janet,M.,Gates,NULL,Owner,-14427.26
933,Mr.,Orlando,N.,Gee,NULL,Owner,-5212.89
935,Mr.,Darren,NULL,Gehring,NULL,Owner,-20439.15
937,Mr.,Jim,NULL,Geist,NULL,Owner,-6453.48
939,Ms.,Barbara,J.,German,NULL,Owner,-2236.29
941,Mr.,Tom,NULL,Getzinger,NULL,Owner,-1572.70
2005,NULL,Rohinton,NULL,Wadia,NULL,Owner,0.00
2004,Ms.,Janice,A.,Vrins,NULL,Owner,0.00
2002,Ms.,Florence,M.,Vonholt,NULL,Owner,0.00
2001,Mr.,William,NULL,Vong,NULL,Owner,0.00
1999,Ms.,Filomena,T.,Visser,NULL,Owner,0.00
1998,Mr.,Keith,N.,Virden,NULL,Owner,0.00
1996,Ms.,Homer,J.,Villa,NULL,Owner,0.00
1995,Mr.,Shane,P.,Vigil,NULL,Owner,0.00
1793,Ms.,Merrill,R.,Steel,NULL,Owner,0.00
1792,Ms.,Beth,K.,Stanley,NULL,Owner,0.00
1790,Mr.,Jeff,NULL,Stammler,NULL,Owner,0.00
1789,NULL,Annik,NULL,Stahl,NULL,Owner,0.00
1787,Mr.,Mahesh,NULL,Smith,NULL,Owner,0.00
1785,Ms.,Geraldine,T.,Spicer,NULL,Owner,0.00
1029,Ms.,Doris,NULL,Hartwig,NULL,Owner,-2415.48
1031,Mr.,Roger,NULL,Harui,NULL,Owner,-46721.47
1033,Ms.,Ann,T.,Hass,NULL,Owner,-3351.43
1035,Mr.,Mark,NULL,Hassall,NULL,Owner,-11660.20
1037,Mr.,Neal,B.,Hasty,III,Owner,-5294.40
1039,Mr.,James,B.,Haugh,Jr.,Owner,-25165.22
1041,Mr.,Jeff,NULL,Hay,NULL,Owner,-2927.60
1043,Ms.,Brenda,F.,Heaney,NULL,Owner,-3044.68
1045,NULL,James,NULL,Hendergart,NULL,Owner,-7997.91
1047,Mr.,John,NULL,Hanson,NULL,Owner,-3544.23
1049,Ms.,Valerie,M.,Hendricks,NULL,Owner,-6954.43
1051,Mr.,Jay,NULL,Henningsen,NULL,Owner,-15591.16
1053,Mr.,Jeff,D.,Henshaw,NULL,Owner,-2669.11
1055,Mr.,Kari,NULL,Hensien,NULL,Owner,-6056.82
1057,Ms.,Deena,J.,Herman,NULL,Owner,0.00
1059,Ms.,Irene,J.,Hernandez,NULL,Owner,-299.75
1061,Mr.,Jésus,NULL,Hernandez,NULL,Owner,-865.87
1063,Ms.,Pam,L.,Herrick,NULL,Owner,-3963.35
1065,Ms.,Cheryl,M.,Herring,NULL,Owner,-11211.87
1067,Mr.,Ronald,K.,Heymsfield,NULL,Owner,-3953.41
1069,Mr.,Sidney,NULL,Higa,NULL,Owner,-1045.18
1071,Ms.,Onetha,F.,Higgs,NULL,Owner,-2850.24
1073,Ms.,Fran,P.,Highfill,NULL,Owner,-2096.54
1075,Ms.,Geneva,T.,Hill,NULL,Owner,-3792.28
1077,Mr.,Andrew,R.,Hill,NULL,Owner,-1560.02
1079,Mr.,Reinout,NULL,Hillmann,NULL,Owner,-1964.16
1081,Mr.,Mike,NULL,Hines,NULL,Owner,-3706.04
1083,Mr.,Matthew,NULL,Hink,NULL,Owner,-6830.15
1085,Ms.,Nancy,E.,Hirota,NULL,Owner,-12357.84
1087,Ms.,Rose,NULL,Hirsch,NULL,Owner,-1824.04
1089,Mr.,Douglas,NULL,Hite,NULL,Owner,-5444.03
1091,Mr.,David,NULL,Hodgson,NULL,Owner,-3025.57
1093,Ms.,Helge,NULL,Hoeing,NULL,Owner,-2275.22
1095,Ms.,Barbara,NULL,Hoffman,NULL,Owner,-5615.90
1097,Ms.,Holly,J.,Holt,NULL,Owner,0.00
1099,Mr.,Bob,NULL,Hodges,NULL,Owner,-2405.97
1101,Ms.,Jean,J.,Holloway,NULL,Owner,-1457.80
1103,Mr.,Michael,NULL,Holm,NULL,Owner,0.00
1105,Mr.,Eddie,M.,Holmes,NULL,Owner,-780.11
1107,Ms.,Juanita,J.,Holman,NULL,Owner,-11622.43
1109,Mr.,Peter,NULL,Houston,NULL,Owner,-1541.36
1165,Ms.,Danielle,B.,Johnson,NULL,Owner,-1164.41
1167,Mr.,Greg,M.,Johnson,NULL,Owner,-362.48
1169,Mr.,Barry,NULL,Johnson,NULL,Owner,-5191.70
1171,Mr.,Brian,NULL,Johnson,NULL,Owner,-135.08
1173,Mr.,David,NULL,Johnson,NULL,Owner,-18655.04
1175,Mr.,Willis,NULL,Johnson,NULL,Owner,-115.36
1177,Ms.,Tamara,NULL,Johnston,NULL,Owner,-332.36
1179,Mr.,Robert,E.,Jones,NULL,Owner,0.00
1181,Mr.,Brannon,NULL,Jones,NULL,Owner,-29819.78
1183,Ms.,Jean,NULL,Jordan,NULL,Owner,-6239.15
1185,Ms.,Peggy,J.,Justice,NULL,Owner,-1472.22
1187,Ms.,Diane,F.,Krane,NULL,Owner,-11388.79
1189,Mr.,Scott,B.,Kaffer,NULL,Owner,0.00
1191,Ms.,Sandra,T.,Kitt,NULL,Owner,-5929.69
1193,Ms.,Wendy,NULL,Kahn,NULL,Owner,0.00
1195,Mr.,Sandeep,NULL,Kaliyath,NULL,Owner,-2041.19
1197,Mr.,John,NULL,Kane,NULL,Owner,-6501.53
1199,Ms.,Lori,NULL,Kane,NULL,Owner,-9703.88
1201,Ms.,Judith,F.,Krane,NULL,Owner,-3805.88
1203,Ms.,Kay,E.,Krane,NULL,Owner,-2501.41
1205,Mr.,Sandeep,NULL,Katyal,NULL,Owner,-16724.43
1207,Ms.,Bonnie,NULL,Kearney,NULL,Owner,0.00
1209,Mr.,Kendall,NULL,Keil,NULL,Owner,-12967.93
1211,Mr.,Victor,A.,Kelley,NULL,Owner,-781.73
1213,Mr.,John,NULL,Kelly,NULL,Owner,-12267.62
1215,Mr.,Robert,NULL,Kelly,NULL,Owner,-1751.95
1217,Mr.,Kevin,NULL,Kennedy,NULL,Owner,-1771.89
1219,Ms.,Mary,R.,Kesslep,NULL,Owner,-11418.37
1221,Ms.,Alice,L.,Kesterson,NULL,Owner,0.00
1223,Ms.,Elizabeth,NULL,Keyser,NULL,Owner,-1258.38
1225,Ms.,Tammy,J.,Khan,NULL,Owner,0.00
1227,Mr.,Imtiaz,NULL,Khan,NULL,Owner,-6485.06
1229,Ms.,Karan,NULL,Khanna,NULL,Owner,-1357.54
1231,Mr.,Joe,NULL,Kim,NULL,Owner,-155.96
1233,Mr.,Jim,NULL,Kim,NULL,Owner,-4551.48
1235,Mr.,Shane,S.,Kim,NULL,Owner,-1286.28
1237,Mr.,Tim,NULL,Kim,NULL,Owner,-1823.96
1239,Mr.,Russell,NULL,King,NULL,Owner,-12412.65
1241,Mr.,Anton,NULL,Kirilov,NULL,Owner,-8164.54
1243,Mr.,Christian,NULL,Kleinerman,NULL,Owner,-1118.43
1245,Mr.,Andrew,P.,Kobylinski,NULL,Owner,-8097.67
1247,Mr.,Reed,NULL,Koch,NULL,Owner,-1869.26
1249,Mr.,Jim,NULL,Kennedy,NULL,Owner,-8249.08
1251,Mr.,Kirk,T,King,NULL,Owner,-9975.25
1253,Mr.,Eugene,NULL,Kogan,NULL,Owner,-25834.04
1255,Mr.,Scott,NULL,Konersmann,NULL,Owner,-2165.73
1257,Ms.,Joy,R.,Koski,NULL,Owner,-7283.22
1259,Ms.,Pamala,M.,Kotc,NULL,Owner,-2108.88
1261,Mr.,Edward,J.,Kozlowski,Jr.,Owner,-10287.85
1263,Mr.,James,D.,Kramer,NULL,Owner,0.00
1265,Mr.,Mitch,NULL,Kennedy,NULL,Owner,-17019.98
1267,Mr.,James,J.,Krow,NULL,Owner,0.00
1269,Ms.,Margaret,T.,Krupka,NULL,Owner,-18996.64
1271,Mr.,Deepak,NULL,Kumar,NULL,Owner,-4754.93
1273,Mr.,Jeffrey,B.,Kung,Jr.,Owner,-5146.64
1275,Mr.,Vamsi,NULL,Kuppa,NULL,Owner,-2239.30
1277,Mr.,Jeffrey,NULL,Kurtz,NULL,Owner,-5619.37
1279,Mr.,Peter,NULL,Kurniawan,NULL,Owner,-1178.19
1281,Mr.,Eric,NULL,Lang,NULL,Owner,-2855.50
1283,Ms.,Rebecca,NULL,Laszlo,NULL,Owner,-8833.55
1285,Ms.,Cecilia,M.,Laursen,NULL,Owner,-156.02
1287,Mr.,David,O,Lawrence,NULL,Owner,-404.66
1289,Ms.,Elsa,NULL,Leavitt,NULL,Owner,-12476.14
2015,Ms.,Ruth,B.,Ward,NULL,Owner,0.00
2017,Ms.,Irene,J.,Watada,NULL,Owner,0.00
2019,Mr.,Darren,M.,Watkins,Sr.,Owner,0.00
2021,Ms.,Kristin,M.,Watts,NULL,Owner,0.00
2023,Ms.,Francis,F.,Weber,NULL,Owner,0.00
2026,Mr.,Ole,A.,Weldon,NULL,Owner,0.00
2029,Mr.,Nigel,NULL,Westbury,NULL,Owner,0.00
1871,Mr.,Sameer,A.,Tejani,NULL,Owner,-1103.70
1873,Ms.,Vanessa,J.,Tench,NULL,Owner,-14588.37
1875,Ms.,Judy,J.,Thames,NULL,Owner,-2592.87
1877,Ms.,Karen,M.,Theisen,NULL,Owner,-4778.58
1879,Mr.,Ram,NULL,Thirunavukkarasu,NULL,Owner,-2131.01
1881,Ms.,Phyllis,A.,Thomas,NULL,Owner,-25579.47
1883,Mr.,James,R.,Thomas,NULL,Owner,-1479.57
1885,Mr.,Donald,M.,Thompson,NULL,Owner,-4734.37
1887,Ms.,Kendra,N.,Thompson,NULL,Owner,-6289.63
1889,Mr.,Daniel,P.,Thompson,NULL,Owner,-8741.37
1891,Ms.,Andrea,A.,Thomsen,NULL,Owner,-404.05
1893,Ms.,Rossane,L.,Thoreson,NULL,Owner,-6069.62
1895,Ms.,Yuping,NULL,Tian,NULL,Owner,-2435.64
1897,Mr.,Mike,NULL,Tiano,NULL,Owner,-5966.02
1899,Ms.,Diane,NULL,Tibbott,NULL,Owner,-6746.51
1901,Ms.,Danielle,NULL,Tiedt,NULL,Owner,-330.46
1903,Mr.,Tony,NULL,Ting,NULL,Owner,-2.75
1905,Mr.,John,NULL,Tippett,NULL,Owner,-1573.99
1907,Mr.,Dragan,NULL,Tomic,NULL,Owner,0.00
1909,Ms.,Delia,B.,Toone,NULL,Owner,-2215.18
1911,Mr.,Alvin,J.,Torre,Jr.,Owner,-299.75
1913,Ms.,Anna,F.,Townsend,NULL,Owner,-2248.52
1915,Mr.,Glenn,J.,Track,II,Owner,-16435.98
1917,Mr.,Abe,M.,Tramel,NULL,Owner,-5143.72
1919,Mr.,James,R.,Tran,NULL,Owner,0.00
1921,Ms.,Olga,J.,Trau,NULL,Owner,0.00
1923,Ms.,Doris,J.,Traube,NULL,Owner,-1495.17
1925,Ms.,Jean,E.,Trenary,NULL,Owner,-2667.49
1927,Mr.,Billy,J.,Trent,NULL,Owner,-9178.83
1929,Mr.,David,F.,Trolen,NULL,Owner,-25443.48
1931,Mr.,Michael John,R.,Troyer,NULL,Owner,-3297.79
1933,Ms.,Christie,J.,Trujillo,NULL,Owner,-5338.86
1935,Ms.,Lynn,NULL,Tsoflias,NULL,Owner,-5296.17
1937,Ms.,Gracia,B.,Tuell,NULL,Owner,-5308.11
1939,Ms.,Phyllis,B.,Tuffield,NULL,Owner,-3457.41
1941,Ms.,Mary,J.,Tullao,NULL,Owner,0.00
1943,Mr.,Sairaj,NULL,Uddin,NULL,Owner,-14456.09
1945,Mr.,Sunil,NULL,Uppal,NULL,Owner,-20875.47
1947,Ms.,Mary,J.,Vaca,NULL,Owner,-10442.28
1949,Ms.,Rachel,B.,Valdez,NULL,Owner,-3711.56
1951,Ms.,Esther,K.,Valle,NULL,Owner,-91.84
1953,Mr.,H.,Brian,Valentine,NULL,Owner,-2591.98
1955,Mr.,Jessie,E.,Valerio,NULL,Owner,-2178.60
1977,Mr.,Gary,T,Vargas,NULL,Owner,-2167.18
1979,Mr.,Ranjit,Rudra,Varkey Chudukatil,NULL,Owner,-19578.99
1981,Ms.,Patricia,M.,Vasquez,NULL,Owner,-7094.20
1983,Mr.,Raja,D.,Venugopal,NULL,Owner,-19510.54
1985,Mr.,Kevin,NULL,Verboort,NULL,Owner,-2172.92
1987,Ms.,Dora,P.,Verdad,NULL,Owner,-6539.78
1989,Ms.,Wanda,F.,Vernon,NULL,Owner,-23076.43
1991,Mr.,Robert,R.,Vessa,NULL,Owner,-22986.75
1993,Ms.,Caroline,A.,Vicknair,NULL,Owner,-4730.45
2050,Ms.,Kathleen,J.,Winter,NULL,Owner,0.00
307,Mr.,Jay,NULL,Adams,NULL,Purchasing Agent,-23834.77
309,Mr.,Ronald,L.,Adina,NULL,Purchasing Agent,-7618.42
311,Mr.,Samuel,N.,Agcaoili,NULL,Purchasing Agent,-12897.62
313,Mr.,James,T.,Aguilar,Jr.,Purchasing Agent,-2569.94
327,Mr.,Milton,J.,Albury,NULL,Purchasing Agent,-1712.49
329,Mr.,Paul,L.,Alcorn,NULL,Purchasing Agent,-1267.42
337,Mr.,Sean,P.,Jacobson,NULL,Purchasing Agent,-4994.54
339,Ms.,Phyllis,A.,Allen,NULL,Purchasing Agent,-8910.76
345,Mr.,Cecil,J.,Allison,NULL,Purchasing Agent,-4392.21
347,Mr.,Oscar,L.,Alpuerto,NULL,Purchasing Agent,-23789.84
353,Mr.,Emilio,R.,Alvaro,NULL,Purchasing Agent,-3587.32
355,Mr.,Maxwell,J.,Amland,NULL,Purchasing Agent,-14020.32
357,Ms.,Mae,N.,Anderson,NULL,Purchasing Agent,-3779.68
359,Ms.,Ramona,J.,Antrim,NULL,Purchasing Agent,-1657.55
361,Ms.,Sabria,B.,Appelbaum,NULL,Purchasing Agent,-6481.61
373,Mr.,Chris,NULL,Ashton,NULL,Purchasing Agent,-4110.37
375,Ms.,Teresa,NULL,Atkinson,NULL,Purchasing Agent,-4240.13
419,Mr.,David,M.,Bartness,NULL,Purchasing Agent,-2172.08
421,Ms.,Karel,E.,Bates,NULL,Purchasing Agent,-10261.05
459,Ms.,Marian,M.,Berch,NULL,Purchasing Agent,0.00
461,Ms.,Karen,NULL,Berge,NULL,Purchasing Agent,0.00
463,Mr.,Alexander,J.,Berger,II,Purchasing Agent,-1274.76
471,Mr.,Robert,M.,Bernacchi,NULL,Purchasing Agent,-3545.61
473,Mr.,Matthias,NULL,Berndt,NULL,Purchasing Agent,-20873.96
475,NULL,John,NULL,Berry,NULL,Purchasing Agent,-16463.54
477,Mr.,Steven,B.,Brown,IV,Purchasing Agent,-11792.01
479,Mr.,Chris,N.,Bidelman,NULL,Purchasing Agent,-4340.30
481,Ms.,Mary,B.,Billstrom,NULL,Purchasing Agent,-7677.46
521,Mr.,Ted,NULL,Bremer,NULL,Purchasing Agent,-5008.27
523,Mr.,Alan,NULL,Brewer,NULL,Purchasing Agent,-3385.37
525,Mr.,Walter,J.,Brian,IV,Purchasing Agent,-2380.26
2009,Ms.,Hazel,R.,Walker,NULL,Purchasing Agent,0.00
533,Mr.,John,R.,Brooks,NULL,Purchasing Agent,-3947.69
535,Mr.,Willie,P.,Brooks,Jr.,Purchasing Agent,-4605.35
537,Ms.,Carolee,J.,Brown,NULL,Purchasing Agent,-4852.75
539,Mr.,Jo,NULL,Brown,NULL,Purchasing Agent,-8177.36
2036,Ms.,Cynthia,J.,White,NULL,Purchasing Agent,0.00
561,Mr.,Dirk,J.,Bruno,NULL,Purchasing Agent,-17658.31
563,Ms.,Nancy,NULL,Buchanan,NULL,Purchasing Agent,-4138.86
579,Mr.,Timothy,B.,Burnett,Jr.,Purchasing Agent,-5345.13
581,Mr.,Stephen,R.,Burton,NULL,Purchasing Agent,-8868.93
583,Ms.,Deanna,R.,Buskirk,NULL,Purchasing Agent,-3749.78
591,Mr.,Ryan,NULL,Calafato,NULL,Purchasing Agent,-20243.23
593,Ms.,Sylvia,A.,Caldwell,NULL,Purchasing Agent,0.00
595,Ms.,Mari,B.,Caldwell,NULL,Purchasing Agent,-7830.50
611,Mr.,Henry,L.,Campen,NULL,Purchasing Agent,-18217.76
613,Mr.,Chris,NULL,Cannon,NULL,Purchasing Agent,-7514.44
615,Mr.,Joseph,J.,Cantoni,NULL,Purchasing Agent,-5646.88
617,Ms.,Suzana De Abreu,A.,Canuto,NULL,Purchasing Agent,-6071.54
619,Mr.,Jun,NULL,Cao,NULL,Purchasing Agent,-5525.13
621,Mr.,Johnny,A.,Caprio,Jr.,Purchasing Agent,-12330.32
623,Mr.,Richard,NULL,Carey,NULL,Purchasing Agent,-13653.73
625,Mr.,Carlton,M.,Carlisle,NULL,Purchasing Agent,-11928.23
627,Mr.,Ty Loren,NULL,Carlson,NULL,Purchasing Agent,-4672.52
641,Ms.,Donna,F.,Carreras,NULL,Purchasing Agent,-9616.67
643,Ms.,Rosmarie,J.,Carroll,NULL,Purchasing Agent,-955.10
651,Mr.,Raul,E.,Casts,NULL,Purchasing Agent,-971.51
653,Ms.,Elizabeth,E.,Catalano,NULL,Purchasing Agent,-16461.02
655,Mr.,Matthew,J.,Cavallari,NULL,Purchasing Agent,-2641.76
657,Ms.,Brigid,F.,Cavendish,NULL,Purchasing Agent,-6513.88
659,Mr.,Andrew,NULL,Cencini,NULL,Purchasing Agent,-5393.01
661,Ms.,Stacey,M.,Cereghino,NULL,Purchasing Agent,-27472.26
689,Mr.,Martin,NULL,Chisholm,NULL,Purchasing Agent,-2447.62
691,Mr.,Mike,M.,Choi,NULL,Purchasing Agent,-7881.47
693,Ms.,Ruth,A.,Choin,NULL,Purchasing Agent,-2566.69
695,Mr.,Anthony,NULL,Chor,NULL,Purchasing Agent,-5502.82
697,Mr.,Charles,M.,Christensen,NULL,Purchasing Agent,-8018.95
757,Ms.,Shelley,R.,Crow,NULL,Purchasing Agent,-1221.04
759,Mr.,Grant,NULL,Culbertson,NULL,Purchasing Agent,-5003.74
761,Mr.,Scott,NULL,Culp,NULL,Purchasing Agent,-4751.78
763,Mr.,Conor,NULL,Cunningham,NULL,Purchasing Agent,-3785.65
765,Mr.,Jose,M.,Curry,NULL,Purchasing Agent,-6587.58
767,Mr.,Thierry,NULL,D'Hers,NULL,Purchasing Agent,-3116.49
769,Mr.,Ryan,NULL,Danner,NULL,Purchasing Agent,-10586.11
771,Mr.,Mike,NULL,Danseglio,NULL,Purchasing Agent,-5592.53
773,Ms.,Megan,N.,Davis,NULL,Purchasing Agent,-2170.46
775,Sr.,Alvaro,NULL,De Matos Miranda Filho,NULL,Purchasing Agent,-10554.63
777,Mr.,Jose,NULL,De Oliveira,NULL,Purchasing Agent,-1445.19
779,Mr.,Jacob,N.,Dean,NULL,Purchasing Agent,-6186.48
781,Mr.,Alexander,J.,Deborde,NULL,Purchasing Agent,-728.16
783,Ms.,Barbara,S.,Decker,NULL,Purchasing Agent,-1940.41
785,Mr.,Kirk,NULL,DeGrasse,NULL,Purchasing Agent,-8847.47
787,Ms.,Aidan,NULL,Delaney,NULL,Purchasing Agent,-6274.95
789,Mr.,Stefan,NULL,Delmarco,NULL,Purchasing Agent,-22297.09
791,Mr.,Shawn,R.,Demicell,NULL,Purchasing Agent,-5350.07
793,Ms.,Della,F.,Demott Jr,NULL,Purchasing Agent,-6321.01
795,Mr.,Bruno,NULL,Deniut,NULL,Purchasing Agent,-5938.43
797,Ms.,Helen,J.,Dennis,NULL,Purchasing Agent,-8695.69
799,Mr.,Prashanth,NULL,Desai,NULL,Purchasing Agent,-205.32
803,Ms.,Brenda,NULL,Diaz,NULL,Purchasing Agent,-17479.76
805,Ms.,Gabriele,NULL,Dickmann,NULL,Purchasing Agent,-9402.01
807,Ms.,Holly,NULL,Dickson,NULL,Purchasing Agent,-7275.15
809,Mr.,Dick,NULL,Dievendorff,NULL,Purchasing Agent,-1462.39
821,Ms.,Patricia,NULL,Doyle,NULL,Purchasing Agent,-4795.27
823,Mr.,Gerald,M.,Drury,NULL,Purchasing Agent,-13619.05
825,Mr.,Gary,T.,Drury,NULL,Purchasing Agent,-4621.72
827,Mr.,Reuben,NULL,D'sa,NULL,Purchasing Agent,-9054.12
829,Mr.,Ed,NULL,Dudenhoefer,NULL,Purchasing Agent,-1951.03
831,Mr.,Bernard,NULL,Duerr,NULL,Purchasing Agent,-18730.58
833,Ms.,Tish,R.,Duff,NULL,Purchasing Agent,-2289.89
835,Sr.,Adrian,NULL,Dumitrascu,NULL,Purchasing Agent,-3214.84
837,Mr.,Bart,NULL,Duncan,NULL,Purchasing Agent,-4223.36
839,Mr.,Maciej,NULL,Dusza,NULL,Purchasing Agent,-3528.02
841,Ms.,Shelley,NULL,Dyck,NULL,Purchasing Agent,-647.99
843,Ms.,Linda,R.,Ecoffey,NULL,Purchasing Agent,-8329.70
845,Ms.,Carla,L.,Eldridge,NULL,Purchasing Agent,-12493.85
847,Ms.,Carol,B.,Elliott,NULL,Purchasing Agent,-5493.81
849,Ms.,Shannon,P.,Elliott,NULL,Purchasing Agent,-1452.21
851,Ms.,Jauna,E.,Elson,NULL,Purchasing Agent,-12541.97
853,Mr.,Michael,NULL,Emanuel,NULL,Purchasing Agent,-1876.52
855,Mr.,Terry,NULL,Eminhizer,NULL,Purchasing Agent,-17817.89
857,Mr.,John,NULL,Emory,NULL,Purchasing Agent,-10584.32
859,Ms.,Gail,NULL,Erickson,NULL,Purchasing Agent,-2787.78
861,Mr.,Mark,B,Erickson,NULL,Purchasing Agent,-2126.64
863,Ms.,Martha,R.,Espinoza,NULL,Purchasing Agent,-5934.46
865,Ms.,Julie,P.,Estes,NULL,Purchasing Agent,0.00
867,Sra.,Janeth,NULL,Esteves,NULL,Purchasing Agent,-2159.73
869,Ms.,Twanna,R.,Evans,NULL,Purchasing Agent,-397.37
871,Ms.,Ann,R.,Evans,NULL,Purchasing Agent,-2539.02
873,Mr.,John,NULL,Evans,NULL,Purchasing Agent,-3483.04
875,Mr.,Marc,NULL,Faeber,NULL,Purchasing Agent,-753.81
877,Mr.,Fadi,NULL,Fakhouri,NULL,Purchasing Agent,-9456.07
879,Ms.,Carolyn,NULL,Farino,NULL,Purchasing Agent,-13307.76
881,Ms.,Geri,P.,Farrell,NULL,Purchasing Agent,-11977.37
883,Ms.,Hanying,NULL,Feng,NULL,Purchasing Agent,-3637.88
885,Ms.,Rhoda,J.,Finley,NULL,Purchasing Agent,-3470.43
887,Mr.,Duane,R.,Fitzgerald,Jr.,Purchasing Agent,-2689.18
889,Mr.,James,NULL,Fine,NULL,Purchasing Agent,-1882.79
891,Ms.,Kathie,NULL,Flood,NULL,Purchasing Agent,-3288.21
953,Ms.,Mary,M.,Gimmi,NULL,Purchasing Agent,-12751.49
955,Mr.,David,L.,Givens,NULL,Purchasing Agent,0.00
957,Ms.,Jeanie,R.,Glenn,PhD,Purchasing Agent,-13468.04
959,Ms.,Diane,R.,Glimp,NULL,Purchasing Agent,-2064.83
961,Mr.,James,R.,Glynn,NULL,Purchasing Agent,-2816.63
963,Mr.,Scott,NULL,Gode,NULL,Purchasing Agent,-12689.31
965,Mr.,Mete,NULL,Goktepe,NULL,Purchasing Agent,-5576.81
967,Mr.,Jossef,NULL,Goldberg,NULL,Purchasing Agent,0.00
969,Mr.,Brian,R,Goldstein,NULL,Purchasing Agent,-34326.27
971,Ms.,Lynn,A.,Gonzales,NULL,Purchasing Agent,-400.10
973,Ms.,Linda,L.,Gonzales,NULL,Purchasing Agent,-4225.71
975,Ms.,Abigail,J.,Gonzalez,NULL,Purchasing Agent,-7930.82
977,Mr.,Michael,NULL,Graff,NULL,Purchasing Agent,-7925.68
979,Mr.,Derek,NULL,Graham,NULL,Purchasing Agent,-10962.92
981,Mr.,Lowell,J.,Graham,NULL,Purchasing Agent,-2864.85
983,Mr.,Jon,NULL,Grande,NULL,Purchasing Agent,-3075.31
2006,Ms.,Julie,P.,Waggoner,NULL,Purchasing Agent,0.00
2003,Mr.,Florian,NULL,Voss,NULL,Purchasing Agent,0.00
2000,Ms.,Helen,J.,Vlass,NULL,Purchasing Agent,0.00
1997,Mr.,Eric,M.,Vincenzi,NULL,Purchasing Agent,0.00
1794,Ms.,Joan,P.,Steele,NULL,Purchasing Agent,0.00
1791,Ms.,Carina,NULL,Stanev,NULL,Purchasing Agent,0.00
1788,Mr.,Sethu,NULL,Srinivasan,NULL,Purchasing Agent,0.00
1786,Ms.,Kristin,R.,Spanaway,NULL,Purchasing Agent,0.00
1121,Ms.,Arlene,NULL,Huff,NULL,Purchasing Agent,-400.10
1123,Mr.,Matthew,M.,Hunter,NULL,Purchasing Agent,0.00
1125,Ms.,Phyllis,R.,Huntsman,NULL,Purchasing Agent,-7084.57
1127,Mr.,Lawrence,E.,Hurkett,NULL,Purchasing Agent,-367.88
1129,Mr.,Ryan,NULL,Ihrig,NULL,Purchasing Agent,-4102.60
1291,Mr.,Michael,J.,Lee,NULL,Purchasing Agent,-2916.09
1293,Ms.,Marjorie,M.,Lee,NULL,Purchasing Agent,-1132.86
1295,Mr.,Frank,NULL,Campbell,NULL,Purchasing Agent,-16315.01
1297,Mr.,Mark,NULL,Lee,NULL,Purchasing Agent,-2357.16
1299,Mr.,Robertson,NULL,Lee,NULL,Purchasing Agent,-3719.41
1301,Ms.,Jolie,NULL,Lenehan,NULL,Purchasing Agent,-2258.41
1303,Mr.,Roger,NULL,Lengel,NULL,Purchasing Agent,-17090.40
1305,NULL,A.,Francesca,Leonetti,NULL,Purchasing Agent,-4256.30
1307,Ms.,Bonnie,B.,Lepro,NULL,Purchasing Agent,-4165.56
1309,Ms.,Gloria,J.,Lesko,NULL,Purchasing Agent,-15430.17
1311,Ms.,Linda,NULL,Leste,NULL,Purchasing Agent,-16725.39
1313,Mr.,Steven,B.,Levy,NULL,Purchasing Agent,0.00
1315,Ms.,Judy,NULL,Lew,NULL,Purchasing Agent,-9084.18
1317,Ms.,Elsie,L.,Lewin,NULL,Purchasing Agent,-5356.61
1319,Mr.,George,Z.,Li,NULL,Purchasing Agent,-4925.39
1321,Mr.,Yale,NULL,Li,NULL,Purchasing Agent,-5389.53
1323,Ms.,Yan,NULL,Li,NULL,Purchasing Agent,-7294.42
1325,Ms.,Yuhong,NULL,Li,NULL,Purchasing Agent,-8020.16
1327,Mr.,Joseph,M.,Lique,NULL,Purchasing Agent,-6664.39
1329,Mr.,Paulo,H.,Lisboa,NULL,Purchasing Agent,-3638.81
1331,Mr.,David,J.,Liu,NULL,Purchasing Agent,-35549.75
1333,NULL,Jinghao,NULL,Liu,NULL,Purchasing Agent,-9708.25
1335,Mr.,Kevin,NULL,Liu,NULL,Purchasing Agent,-3522.10
1337,Mr.,Run,NULL,Liu,NULL,Purchasing Agent,-20972.48
1339,Mr.,Todd,R.,Logan,NULL,Purchasing Agent,-2978.33
1341,Mr.,Kok-Ho,NULL,Loh,NULL,Purchasing Agent,-3024.88
1343,Mr.,John,K.,Long,NULL,Purchasing Agent,-9495.61
1345,Ms.,Sharon,J.,Looney,NULL,Purchasing Agent,-3533.99
1347,Mr.,Jeremy,NULL,Los,NULL,Purchasing Agent,0.00
1349,Mr.,Spencer,NULL,Low,NULL,Purchasing Agent,-21227.29
1351,Ms.,Anita,R.,Lucerne,NULL,Purchasing Agent,-7494.36
1353,Mr.,Jose,NULL,Lugo,NULL,Purchasing Agent,-6878.16
1355,Mr.,Richard,NULL,Lum,NULL,Purchasing Agent,-4567.24
1357,Ms.,Judy,R.,Lundahl,NULL,Purchasing Agent,-18027.52
1359,Mr.,Sean,J.,Lunt,NULL,Purchasing Agent,0.00
1361,Ms.,Helen,R.,Lutes,NULL,Purchasing Agent,-19717.02
1403,Mr.,Frank,NULL,Mart¡nez,NULL,Purchasing Agent,-26077.16
1405,Mr.,Steve,NULL,Masters,NULL,Purchasing Agent,-10443.80
1407,Mr.,Joseph,NULL,Matthews,NULL,Purchasing Agent,-824.73
1409,Ms.,Jennifer,J.,Maxham,NULL,Purchasing Agent,-6131.94
1411,Mr.,Chris,NULL,Maxwell,NULL,Purchasing Agent,-4288.03
1413,Ms.,Sandra,B.,Maynard,NULL,Purchasing Agent,-12044.96
1415,Mr.,John,J.,McClane,NULL,Purchasing Agent,-1956.37
1417,Ms.,Robin,M.,McGuigan,NULL,Purchasing Agent,-8575.81
1419,Ms.,Stacie,K.,Mcanich,NULL,Purchasing Agent,-7974.80
1421,Ms.,Katie,NULL,McAskill-White,NULL,Purchasing Agent,-10262.77
1423,Ms.,Lola,M.,McCarthy,NULL,Purchasing Agent,-16876.35
1425,Ms.,Jane,A.,McCarty,NULL,Purchasing Agent,-13055.57
1427,Ms.,Nikki,NULL,McCormick,NULL,Purchasing Agent,-2085.01
1429,Mr.,James,L.,McCoy,II,Purchasing Agent,-15390.64
1431,Ms.,Christinia,A.,McDonald,NULL,Purchasing Agent,-1610.33
1433,Mr.,Alejandro,NULL,McGuel,NULL,Purchasing Agent,-1123.85
1827,Ms.,Ruby Sue,R.,Styles,NULL,Purchasing Agent,-8799.94
1829,Mr.,Min,NULL,Su,NULL,Purchasing Agent,-11645.56
1831,Mr.,Gary,J.,Suess,NULL,Purchasing Agent,-1524.54
1833,Ms.,Ruth,J.,Suffin,NULL,Purchasing Agent,-946.69
1835,Ms.,Elizabeth,J.,Sullivan,NULL,Purchasing Agent,-16477.00
1837,Mr.,Michael,NULL,Sullivan,NULL,Purchasing Agent,-2369.10
1839,Ms.,Marcia,J.,Sultan,NULL,Purchasing Agent,-14840.15
1841,Mr.,Nate,NULL,Sun,NULL,Purchasing Agent,-17934.17
1843,Mr.,Krishna,NULL,Sunkammurali,NULL,Purchasing Agent,-18131.36
1845,Mr.,Brad,NULL,Sutton,NULL,Purchasing Agent,-25775.33
1847,Mr.,Martin,J.,Svoboda,IV,Purchasing Agent,0.00
1849,Mr.,Abraham,L.,Swearengin,NULL,Purchasing Agent,-2391.63
1851,Ms.,Katherine,K.,Swan,NULL,Purchasing Agent,-4537.53
1853,Mr.,Manoj,NULL,Syamala,NULL,Purchasing Agent,0.00
1855,Ms.,Shelly,NULL,Szymanski,NULL,Purchasing Agent,-5089.57
1857,Ms.,Julie,NULL,Taft-Rider,NULL,Purchasing Agent,-9695.69
1859,Mr.,Clarence,R.,Tatman,NULL,Purchasing Agent,-14422.01
1861,Mr.,Damon,A.,Taylor,NULL,Purchasing Agent,-5458.35
1863,Mr.,Mike,M.,Taylor,NULL,Purchasing Agent,-11357.18
1865,Mr.,Denis,NULL,Taylor,NULL,Purchasing Agent,-6691.30
1867,Mr.,Jeff,E.,Teper,NULL,Purchasing Agent,-6776.43
1869,Mr.,Chad,J.,Tedford,NULL,Purchasing Agent,-5938.96
1957,Mr.,Johnathan,NULL,Van Eaton,NULL,Purchasing Agent,-6818.45
1959,Mr.,Roger,NULL,Van Houten,NULL,Purchasing Agent,-4385.91
1961,Ms.,Mandy,NULL,Vance,NULL,Purchasing Agent,-1346.23
1963,Ms.,Rose,M.,Vandenouer,NULL,Purchasing Agent,-5697.58
1965,Mr.,Gregory,T.,Vanderbout,Jr.,Purchasing Agent,-9183.68
1967,Mr.,Michael,NULL,Vanderhyde,NULL,Purchasing Agent,-3008.79
1969,Ms.,Margaret,J.,Vanderkamp,NULL,Purchasing Agent,-31649.34
1971,Ms.,Kara,N.,Vanderlinden,NULL,Purchasing Agent,-1491.00
1973,Mr.,Carlos,M.,Vansant,Jr.,Purchasing Agent,0.00
1975,Mr.,Nieves,J.,Vargas,II,Purchasing Agent,-1954.17
363,Ms.,Hannah,R.,Arakawa,NULL,Purchasing Manager,-1298.62
365,Ms.,Kyley,J.,Arbelaez,NULL,Purchasing Manager,-8913.90
367,Mr.,Tom,H,Johnston,NULL,Purchasing Manager,-20697.56
377,Mr.,John,P.,Ault,NULL,Purchasing Manager,-8648.19
379,Mr.,Robert,A.,Avalos,NULL,Purchasing Manager,-8582.65
387,Mr.,Cory,K.,Booth,NULL,Purchasing Manager,-10112.90
389,Mr.,James,B.,Bailey,Jr.,Purchasing Manager,-4971.41
391,Mr.,Douglas,A.,Baldwin,Jr.,Purchasing Manager,-12025.31
399,Mr.,Darrell,M.,Banks,NULL,Purchasing Manager,0.00
401,Ms.,Angela,NULL,Barbariol,NULL,Purchasing Manager,0.00
403,Mr.,David,NULL,Barber,NULL,Purchasing Manager,0.00
409,Ms.,Brenda,L.,Barlow,NULL,Purchasing Manager,-8172.61
411,Mr.,Josh,NULL,Barnhill,NULL,Purchasing Manager,-6635.33
413,Mr.,Adam,NULL,Barr,NULL,Purchasing Manager,-8929.56
423,Sr.,Ciro,J.,Bauer,NULL,Purchasing Manager,0.00
425,Ms.,Glenna,L.,Beanston,NULL,Purchasing Manager,0.00
427,Mr.,Shaun,NULL,Beasley,NULL,Purchasing Manager,-5771.55
447,Mr.,Ido,NULL,Ben-Sachar,NULL,Purchasing Manager,0.00
449,Ms.,Edna,J.,Benson,NULL,Purchasing Manager,-6487.11
451,Mr.,Payton,P.,Benson,NULL,Purchasing Manager,-7018.72
453,Mr.,Max,NULL,Benson,NULL,Purchasing Manager,-4314.77
455,Mr.,Scot,A.,Bent,NULL,Purchasing Manager,-3154.58
457,Mr.,Richard,M.,Bentley,Jr.,Purchasing Manager,0.00
465,Mr.,John,M.,Berger,Jr.,Purchasing Manager,-11626.01
467,Ms.,Kris,R.,Bergin,NULL,Purchasing Manager,0.00
469,NULL,Andreas,NULL,Berglund,NULL,Purchasing Manager,0.00
483,Mr.,Jimmy,NULL,Bischoff,NULL,Purchasing Manager,-3996.74
485,Mr.,Mary,NULL,Bishop,NULL,Purchasing Manager,0.00
487,Ms.,Mae,M.,Black,NULL,Purchasing Manager,-4101.29
495,Mr.,Michael,Greg,Blythe,NULL,Purchasing Manager,-5174.48
497,Ms.,Gabriel,L.,Bockenkamp,NULL,Purchasing Manager,-16774.49
499,Mr.,Michael,L.,Bohling,NULL,Purchasing Manager,0.00
501,Ms.,Corinna,NULL,Bolender,NULL,Purchasing Manager,-207.75
503,Sr.,Luis,NULL,Bonifaz,NULL,Purchasing Manager,-6234.45
505,Mr.,Randall,NULL,Boseman,NULL,Purchasing Manager,-3134.51
511,Mr.,Lester,J.,Bowman,Sr.,Purchasing Manager,-7842.83
513,Mr.,David,M.,Bradley,NULL,Purchasing Manager,-647.99
527,Mr.,Christopher,M.,Bright,NULL,Purchasing Manager,-838.92
529,Ms.,Carol,J.,Brink,NULL,Purchasing Manager,0.00
531,Mr.,David,J.,Brink,NULL,Purchasing Manager,-2296.53
541,Mr.,Robert,NULL,Brown,NULL,Purchasing Manager,-6308.54
543,Mr.,Kevin,F.,Browne,NULL,Purchasing Manager,-10862.09
551,Mr.,Eric,J.,Brumfield,NULL,Purchasing Manager,-4134.23
553,Mr.,Dick,R.,Brummer,Jr.,Purchasing Manager,-12969.34
555,Mr.,Michael,NULL,Brundage,NULL,Purchasing Manager,-2769.08
557,Ms.,Shirley,R.,Bruner,NULL,Purchasing Manager,-652.94
559,Ms.,June,B.,Brunner,NULL,Purchasing Manager,-17373.14
571,Ms.,Ingrid,K.,Burkhardt,NULL,Purchasing Manager,0.00
573,Ms.,Karren,K.,Burkhardt,NULL,Purchasing Manager,-5056.38
575,Mr.,Ovidiu,NULL,Burlacu,NULL,Purchasing Manager,0.00
577,Ms.,Dana,H.,Burnell,NULL,Purchasing Manager,-127.80
585,Mr.,Jared,L.,Bustamante,NULL,Purchasing Manager,-4302.22
587,Mr.,Richard,A.,Byham,NULL,Purchasing Manager,-669.00
589,Mr.,David,J.,Byrnes,Sr.,Purchasing Manager,-4883.98
603,Ms.,DeeDee,J.,Cameron,NULL,Purchasing Manager,-352.99
605,Ms.,Deborah,M.,Lee,NULL,Purchasing Manager,0.00
607,Ms.,Joan,M.,Campbell,NULL,Purchasing Manager,-10060.09
609,Mr.,David,NULL,Campbell,NULL,Purchasing Manager,-12428.52
2012,Mr.,Jian,Shuo,Wang,NULL,Purchasing Manager,0.00
2013,Mr.,Qiang,NULL,Wang,NULL,Purchasing Manager,0.00
629,Ms.,Jane,N.,Carmichael,NULL,Purchasing Manager,-6357.90
631,Ms.,Jovita,A.,Carmody,NULL,Purchasing Manager,-8697.47
633,Mr.,Steve,J.,Carnes,NULL,Purchasing Manager,-3532.99
635,Mr.,Fernando,NULL,Caro,NULL,Purchasing Manager,-6357.38
637,Mr.,Rob,NULL,Caron,NULL,Purchasing Manager,-5623.41
639,Mr.,Andy,NULL,Carothers,NULL,Purchasing Manager,-5167.73
2010,Ms.,Joanna,B.,Wall,NULL,Purchasing Manager,0.00
675,Mr.,Neil,NULL,Charney,NULL,Purchasing Manager,-490.45
677,Mr.,Hao,NULL,Chen,NULL,Purchasing Manager,0.00
679,Mr.,John,Y.,Chen,NULL,Purchasing Manager,0.00
681,Mr.,Pei,NULL,Chow,NULL,Purchasing Manager,-2235.19
683,Mr.,Yao-Qiang,NULL,Cheng,NULL,Purchasing Manager,-10075.97
685,Ms.,Nicky,E.,Chesnut,NULL,Purchasing Manager,-13362.06
687,Ms.,Susan,B.,Chestnut,NULL,Purchasing Manager,-6801.88
699,Ms.,Jill,J.,Christie,NULL,Purchasing Manager,-4951.61
701,Ms.,Alice,NULL,Clark,NULL,Purchasing Manager,-6973.19
703,Ms.,Gina,N.,Clark,NULL,Purchasing Manager,-18314.95
705,Mr.,James,J.,Clark,NULL,Purchasing Manager,-3389.37
707,Ms.,Jane,NULL,Clayton,NULL,Purchasing Manager,-3200.42
709,Ms.,Kristine,J.,Cleary,NULL,Purchasing Manager,-7741.67
711,Ms.,Teanna,M.,Cobb,NULL,Purchasing Manager,0.00
713,Ms.,Connie,L.,Coffman,NULL,Purchasing Manager,-838.92
715,Ms.,Jeanette,R.,Cole,NULL,Purchasing Manager,-9681.36
717,Mr.,Eric,E.,Coleman,NULL,Purchasing Manager,-3806.95
719,Mr.,Pat,NULL,Coleman,NULL,Purchasing Manager,-4712.44
721,Mr.,Takiko,J.,Collins,NULL,Purchasing Manager,-2572.12
723,Mr.,John,L.,Colon,NULL,Purchasing Manager,-3355.67
725,Mr.,Scott,A.,Colvin,NULL,Purchasing Manager,-1145.89
727,Mr.,Aaron,NULL,Con,NULL,Purchasing Manager,-7983.57
729,Mr.,Peter,NULL,Connelly,NULL,Purchasing Manager,-1924.37
731,Mr.,William,J.,Conner,NULL,Purchasing Manager,-6705.48
733,Ms.,Stephanie,NULL,Conroy,NULL,Purchasing Manager,-6044.75
735,Ms.,Amy,R.,Consentino,NULL,Purchasing Manager,-3294.28
737,Ms.,Dorothy,J.,Contreras,NULL,Purchasing Manager,-12448.51
739,Mr.,Patrick,M.,Cook,NULL,Purchasing Manager,-4170.88
741,Mr.,Scott,NULL,Cooper,NULL,Purchasing Manager,-3635.21
743,Ms.,Eva,NULL,Corets,NULL,Purchasing Manager,-3246.98
745,Mr.,Marlin,M.,Coriell,NULL,Purchasing Manager,-13675.89
747,Mr.,Ryan,NULL,Cornelsen,NULL,Purchasing Manager,0.00
749,Mr.,Bruno,NULL,Costa Da Silva,NULL,Purchasing Manager,0.00
751,Ms.,Pamela,R.,Cox,NULL,Purchasing Manager,-24303.19
753,Mr.,Jack,NULL,Creasey,NULL,Purchasing Manager,-11372.32
755,Ms.,Sharon,A.,Crow,NULL,Purchasing Manager,0.00
2031,Ms.,Gail,M.,Westover,NULL,Purchasing Manager,0.00
2034,Ms.,Wendy,NULL,Wheeler,NULL,Purchasing Manager,0.00
801,Ms.,Bev,L.,Desalvo,NULL,Purchasing Manager,-6047.25
893,Mr.,Jay,NULL,Fluegel,NULL,Purchasing Manager,-2860.88
895,Ms.,Kelly,NULL,Focht,NULL,Purchasing Manager,-8697.47
897,Mr.,Jeffrey,L.,Ford,NULL,Purchasing Manager,-3399.40
899,Mr.,Garth,NULL,Fort,NULL,Purchasing Manager,-958.10
901,Ms.,Dorothy,J.,Fox,NULL,Purchasing Manager,-2857.19
903,Ms.,Judith,B.,Frazier,NULL,Purchasing Manager,-3152.17
905,Mr.,John,NULL,Fredericksen,NULL,Purchasing Manager,-2030.73
907,Ms.,Susan,E.,French,NULL,Purchasing Manager,-8681.72
909,Mr.,Liam,J.,Friedland,NULL,Purchasing Manager,-6978.22
911,Mr.,Mihail,NULL,Frintu,NULL,Purchasing Manager,-182.35
913,Mr.,John,NULL,Ford,NULL,Purchasing Manager,-5505.62
915,Mr.,Paul,J.,Fulton,NULL,Purchasing Manager,-142.66
917,Mr.,Don,NULL,Funk,NULL,Purchasing Manager,0.00
919,Mr.,Bob,NULL,Gage,NULL,Purchasing Manager,-2776.78
921,Ms.,Aldeen,J.,Gallagher,NULL,Purchasing Manager,-48.59
923,Mr.,Michael,NULL,Galos,NULL,Purchasing Manager,-838.92
925,Mr.,Jon,NULL,Ganio,NULL,Purchasing Manager,-13299.96
943,Mr.,Leo,NULL,Giakoumakis,NULL,Purchasing Manager,-8760.88
945,Mr.,Cornett,L.,Gibbens,NULL,Purchasing Manager,-7625.00
947,Mr.,Frances,J.,Giglio,NULL,Purchasing Manager,-14726.51
949,Mr.,Guy,NULL,Gilbert,NULL,Purchasing Manager,-7326.40
951,Ms.,Janet,J.,Gilliat,NULL,Purchasing Manager,-315.80
985,Ms.,Jane,P.,Greer,NULL,Purchasing Manager,-4884.68
987,Mr.,Geoff,NULL,Grisso,NULL,Purchasing Manager,-7294.72
989,Mr.,Douglas,NULL,Groncki,NULL,Purchasing Manager,-2675.08
991,Mr.,Brian,NULL,Groth,NULL,Purchasing Manager,-1770.62
993,Ms.,Faith,M.,Gustafson,NULL,Purchasing Manager,-6652.11
995,Mr.,Greg,NULL,Harrison,NULL,Purchasing Manager,-288.00
997,Ms.,Hattie,J.,Haemon,NULL,Purchasing Manager,-12187.60
999,Mr.,Matthew,M.,Hagemann,NULL,Purchasing Manager,-8637.41
1001,Ms.,Erin,M.,Hagens,NULL,Purchasing Manager,-14594.35
1003,Ms.,Betty,M.,Haines,NULL,Purchasing Manager,-4035.65
1005,Ms.,Karen,E.,Hall,NULL,Purchasing Manager,0.00
1007,Mr.,Don,NULL,Hall,NULL,Purchasing Manager,0.00
1009,Mr.,Bryan,NULL,Hamilton,NULL,Purchasing Manager,-14201.36
1011,Mr.,James,R.,Hamilton,NULL,Purchasing Manager,-6399.51
1013,Mr.,Kerim,NULL,Hanif,NULL,Purchasing Manager,-10583.34
1015,Ms.,Jean,P.,Handley,NULL,Purchasing Manager,-13817.79
1017,Mr.,Mark,NULL,Hanson,NULL,Purchasing Manager,-15363.84
1019,Mr.,William,J.,Hapke,NULL,Purchasing Manager,-939.69
1021,Ms.,Katherine,NULL,Harding,NULL,Purchasing Manager,-12199.16
1023,Ms.,Kimberly,Beth,Harrington,NULL,Purchasing Manager,-3689.93
1025,Mr.,Lucy,NULL,Harrington,NULL,Purchasing Manager,-4760.59
1027,Mr.,Keith,NULL,Harris,NULL,Purchasing Manager,-5886.94
1111,Mr.,Curtis,P.,Howard,NULL,Purchasing Manager,-5489.17
1113,Mr.,Joe,NULL,Howard,NULL,Purchasing Manager,-4606.92
1115,Ms.,Janice,K.,Hows,NULL,Purchasing Manager,-1692.23
1117,Mr.,George,M.,Huckaby,NULL,Purchasing Manager,-1727.72
1119,Mr.,Joshua,J.,Huff,NULL,Purchasing Manager,-3463.30
1131,Ms.,Beth,NULL,Inghram,NULL,Purchasing Manager,-917.51
1133,Mr.,Lucio,NULL,Iallo,NULL,Purchasing Manager,-4334.53
1135,Mr.,Richard,L.,Irwin,NULL,Purchasing Manager,-6660.52
1137,Mr.,Erik,NULL,Ismert,NULL,Purchasing Manager,-6167.82
1139,Ms.,Denean,J.,Ison,NULL,Purchasing Manager,-366.25
1141,Mr.,Raman,NULL,Iyer,NULL,Purchasing Manager,-3078.45
1143,Mr.,Bronson,R.,Jacobs,NULL,Purchasing Manager,-1344.59
1145,Mr.,Eric,A.,Jacobsen,NULL,Purchasing Manager,-9595.51
1147,Ms.,Jodan,M.,Jacobson,NULL,Purchasing Manager,-3934.47
1149,Ms.,Mary,NULL,Alexander,NULL,Purchasing Manager,-4049.85
1151,Mr.,David,NULL,Jaffe,NULL,Purchasing Manager,-8838.63
1153,Mr.,Jay,NULL,Jamison,NULL,Purchasing Manager,-2171.33
1155,Ms.,Vance,P.,Johns,NULL,Purchasing Manager,-5914.42
1157,Ms.,Joyce,NULL,Jarvis,NULL,Purchasing Manager,-8840.03
1159,Mr.,George,NULL,Jiang,NULL,Purchasing Manager,-5054.27
1161,Mr.,Stephen,Yuan,Jiang,NULL,Purchasing Manager,-10422.88
1163,Mr.,Samuel,A.,Johnson,NULL,Purchasing Manager,-25101.05
2016,Mr.,Clay,M.,Warthen,NULL,Purchasing Manager,0.00
2018,Ms.,Becky,R.,Waters,NULL,Purchasing Manager,0.00
2020,Mr.,Jason,M.,Watters,NULL,Purchasing Manager,0.00
2022,Mr.,Peter,NULL,Waxman,NULL,Purchasing Manager,0.00
2024,Mr.,Gregory,NULL,Weber,NULL,Purchasing Manager,0.00
2025,Ms.,Dorothy,L.,Weimer,NULL,Purchasing Manager,0.00
2027,Ms.,Alexandra,K.,Wellington,NULL,Purchasing Manager,0.00
2028,Mr.,Paul,NULL,West,NULL,Purchasing Manager,0.00
2030,Ms.,Kerry,N.,Westguard,PhD,Purchasing Manager,0.00
1363,Mr.,Robert,P.,Lyeba,NULL,Purchasing Manager,-5434.71
1365,Ms.,Sharon,F.,Lynn,NULL,Purchasing Manager,-5776.52
1367,Mr.,Robert,NULL,Lyon,NULL,Purchasing Manager,-4463.96
1369,Ms.,Jenny,NULL,Lysaker,NULL,Purchasing Manager,-3699.89
1371,Ms.,Denise,R.,Maccietto,NULL,Purchasing Manager,-6857.35
1373,Mr.,Scott,NULL,MacDonald,NULL,Purchasing Manager,-16286.95
1375,Mr.,Walter,J.,Mays,Sr.,Purchasing Manager,-6291.43
1377,Mr.,Patrick,J.,Magenheimer,NULL,Purchasing Manager,-6219.67
1379,Ms.,Kimberly,N.,Malmendier,NULL,Purchasing Manager,-2065.87
1381,Mr.,Ajay,NULL,Manchepalli,NULL,Purchasing Manager,-563.95
1383,Ms.,Parul,NULL,Manek,NULL,Purchasing Manager,-2914.73
1385,Mr.,Tomas,M.,Manzanares,II,Purchasing Manager,-364.70
1387,Ms.,Kathy,R.,Marcovecchio,NULL,Purchasing Manager,-9758.06
1389,Ms.,Jill,K.,Markwood,NULL,Purchasing Manager,0.00
1391,Ms.,Melissa,R.,Marple,NULL,Purchasing Manager,-7507.25
1393,Ms.,Cecelia,L.,Marshall,NULL,Purchasing Manager,-711.25
1395,Mr.,Benjamin,NULL,Martin,NULL,Purchasing Manager,-683.72
1397,Ms.,Linda,NULL,Martin,NULL,Purchasing Manager,-12902.43
1399,Ms.,Mindy,NULL,Martin,NULL,Purchasing Manager,-3492.87
1401,Ms.,Sandra,I.,Martinez,NULL,Purchasing Manager,0.00
1435,Ms.,Yvonne,NULL,McKay,NULL,Purchasing Manager,-8548.90
1437,Ms.,Nkenge,NULL,McLin,NULL,Purchasing Manager,-21623.39
1439,Ms.,Nancy,A.,McPhearson,NULL,Purchasing Manager,-5733.98
1441,Ms.,Nellie,T.,Medina,NULL,Purchasing Manager,-1019.30
1443,Ms.,Raquel,NULL,Mello,NULL,Purchasing Manager,-11744.83
1445,Ms.,Gladys,F.,Mendiola,NULL,Purchasing Manager,0.00
1447,Mr.,R. Morgan,L.,Mendoza,NULL,Purchasing Manager,-1202.22
1449,Mr.,Tosh,NULL,Meston,NULL,Purchasing Manager,-7848.82
1451,Ms.,Susan,NULL,Metters,NULL,Purchasing Manager,0.00
1453,Mr.,Stephen,A.,Mew,NULL,Purchasing Manager,-1713.71
1455,Mr.,Eric,B.,Meyer,Jr.,Purchasing Manager,-13356.49
1457,Ms.,Helen,M.,Meyer,NULL,Purchasing Manager,-6316.47
1459,Ms.,Deanna,NULL,Meyer,NULL,Purchasing Manager,-2574.43
1461,Mr.,Gary,P.,Meyerhoff,NULL,Purchasing Manager,-3114.10
1463,Mr.,Ramesh,NULL,Meyyappan,NULL,Purchasing Manager,-2206.12
1465,Mr.,Thomas,R.,Michaels,NULL,Purchasing Manager,-2458.92
1467,Mr.,Jan,NULL,Miksovsky,NULL,Purchasing Manager,-1366.22
1469,Ms.,Virginia,L.,Miller,NULL,Purchasing Manager,-1191.95
1471,Mr.,Matthew,J.,Miller,NULL,Purchasing Manager,-6207.01
1473,Mr.,Emilo,R.,Miller,Jr.,Purchasing Manager,-2115.03
1475,Mr.,Ben,NULL,Miller,NULL,Purchasing Manager,-6000.80
1477,Mr.,Dylan,NULL,Miller,NULL,Purchasing Manager,-8558.22
1479,Mr.,Frank,NULL,Miller,NULL,Purchasing Manager,-1871.14
1481,Ms.,Neva,M.,Mitchell,NULL,Purchasing Manager,-3755.18
1483,Ms.,Linda,NULL,Mitchell,NULL,Purchasing Manager,-80.91
1485,Mr.,Scott,NULL,Mitchell,NULL,Purchasing Manager,-7925.97
1487,Mr.,Robert,NULL,Mitosinka,NULL,Purchasing Manager,0.00
1489,Mr.,Joseph,P.,Mitzner,Jr.,Purchasing Manager,-4387.62
1795,Ms.,Laura,C.,Steele,NULL,Purchasing Manager,-289.65
1797,Ms.,Shanay,B.,Steelman,NULL,Purchasing Manager,-11774.70
1799,Ms.,Heidi,NULL,Steen,NULL,Purchasing Manager,0.00
1801,Mr.,Stefano,NULL,Stefani,NULL,Purchasing Manager,-3171.01
1803,Mr.,Alan,NULL,Steiner,NULL,Purchasing Manager,-4480.67
1805,Mr.,Derik,NULL,Stenerson,NULL,Purchasing Manager,-3715.16
1807,Mr.,Vassar,J.,Stern,NULL,Purchasing Manager,-2175.00
1809,Ms.,Wathalee,R.,Steuber,NULL,Purchasing Manager,-1393.16
1811,Ms.,Alice,M.,Steiner,NULL,Purchasing Manager,-6474.97
1813,Ms.,Liza Marie,N.,Stevens,NULL,Purchasing Manager,-1983.36
1815,Mr.,Jim,NULL,Stewart,NULL,Purchasing Manager,-4618.08
1817,Ms.,Judy,R.,Storjohann,NULL,Purchasing Manager,-1813.22
1819,Mr.,Louis,B.,Stotka,NULL,Purchasing Manager,0.00
1821,Mr.,Robert,B.,Stotka,NULL,Purchasing Manager,-7154.87
1823,Ms.,Kayla,M.,Stotler,NULL,Purchasing Manager,-1409.38
1825,Mr.,Charles,J.,Strange,NULL,Purchasing Manager,-116.74
